Name,Calorie
Berry,18.43
Juicy Juice Orange Tangerine,19.17
100% Juice Mango,18.43
100% Juice White Grape,23.04
100% Juice Apple Grape,18.43
Juice Apple,18.43
Juice Beverage Sparkling Berry,18.43
Fruit Juice Beverage Brain Development Grape,12.50
Juice Boxes Strawberry Banana,18.43
100% Juice Tropical,18.43
100% Juice Tropical,18.43
Juice Watermelon,17.69
100% Juice Kiwi Strawberry,17.69
Juice Boxes Apple,17.69
Juice Apple,17.69
100% Juice Kiwi Strawberry,17.69
Juice Apple,17.69
Juicy Juice Flavored Juice Blend Cherry,17.69
Freezer Pops Tropical Punch,20.46
100% Juice Orange Tangerine,20.46
Splashers Tropical Twist,20.46
Fruit Punch,20.46
100% Juice Apple Juice,20.46
Strawberry Watermelon Juice,20.46
Splashers Fruit Punch,20.46
Organic Juice from Concentrate Apple,20.46
Fruitifuls Organics Punch Splash,20.46
Kiwi Strawberry Juice,20.46
Apple Juice,20.46
100% Juice Berry Flavored,80.24
100% Fruit & Veggie Juice Orange Mango,19.96
Juice Beverage Sparkling OrangeFlavore,19.96
Juice Grape,19.96
J - Max Apple Frenzy,19.96
100% Juice Grape,18.43
Orange Tangerine Flavored Juice Blend,19.17
Juice Apple Banana,17.69
Juice Kiwi Strawberry,17.69
Premium 100% Juice Orange Tangerine, 17.69
100% Juice Apple Raspberry,17.69
100% Juice Strawberry Banana,17.69
Juicy Juice Kiwi Strawberry,17.69
Juicy Juice Flavored Juice Blend Fruit Punch,17.69
Bullseye Berry Juice,17.69
